﻿{"cameraMode":{"drawMode":0,"name":"Shaded","section":"Shading Mode"},"sceneLighting":true,"audioPlay":false,"sceneViewState":{"showFog":true,"showMaterialUpdate":false,"showSkybox":true,"showFlares":true,"showImageEffects":true,"showParticleSystems":true},"in2DMode":false,"pivot":{"x":430.1167297363281,"y":309.0552978515625,"z":61.59893798828125},"rotation":{"x":0.06980322301387787,"y":0.0329134576022625,"z":-0.0023043425753712656,"w":0.9970149993896484},"size":773.0096435546875,"orthographic":false}